Sentiment,Tweets
[0],['  Help  OPEN ODE EADY SOCK SICKE NC DEAM WE BOOMğŸŒ \r\r\r\n\r\r\r\nğŸ’  Ukuran cm x cm\r\r\r\nğŸ’  Isi pcs\r\r\r\nğŸ’  Bahan Sticker Chromo\r\r\r\n\r\r\r\nğŸ’°â€¦']
[0],['  Help  OPEN ODE EADY SOCK SICKE NC DEAM WE BOOMğŸŒ \r\r\r\n\r\r\r\nğŸ’  Ukuran cm x cm\r\r\r\nğŸ’  Isi pcs\r\r\r\nğŸ’  Bahan Sticker Chromo\r\r\r\n\r\r\r\nğŸ’°â€¦']
[0],['  Help  OPEN ODE EADY SOCK SICKE NC DEAM WE BOOMğŸŒ \r\r\r\n\r\r\r\nğŸ’  Ukuran cm x cm\r\r\r\nğŸ’  Isi pcs\r\r\r\nğŸ’  Bahan Sticker Chromo\r\r\r\n\r\r\r\nğŸ’°â€¦']
[0],['  Help  OPEN ODE EADY SOCK SICKE NC DEAM WE BOOMğŸŒ \r\r\r\n\r\r\r\nğŸ’  Ukuran cm x cm\r\r\r\nğŸ’  Isi pcs\r\r\r\nğŸ’  Bahan Sticker Chromo\r\r\r\n\r\r\r\nğŸ’°â€¦']
[0],['  Help  OPEN ODE EADY SOCK SICKE NC DEAM WE BOOMğŸŒ \r\r\r\n\r\r\r\nğŸ’  Ukuran cm x cm\r\r\r\nğŸ’  Isi pcs\r\r\r\nğŸ’  Bahan Sticker Chromo\r\r\r\n\r\r\r\nğŸ’°â€¦']
[0],[' WS  WAN O SELL  HELP  \r\r\r\n\r\r\r\nhi guys im selling my official kpop merch bc im a broke architecture student andâ€¦ ']
[0],['  Help  OPEN ODE EADY SOCK SICKE NC DEAM WE BOOMğŸŒ \r\r\r\n\r\r\r\nğŸ’  Ukuran cm x cm\r\r\r\nğŸ’  Isi pcs\r\r\r\nğŸ’  Bahan Sticker Chromo\r\r\r\n\r\r\r\nğŸ’°â€¦']
[0],['  Help  OPEN ODE EADY SOCK SICKE NC DEAM WE BOOMğŸŒ \r\r\r\n\r\r\r\nğŸ’  Ukuran cm x cm\r\r\r\nğŸ’  Isi pcs\r\r\r\nğŸ’  Bahan Sticker Chromo\r\r\r\n\r\r\r\nğŸ’°â€¦']
[0],['Up to  Measham this morning for the LCV sale  lots on offer from vendors including  ']
[0],['  help rt sll acc ini\r\r\r\nk ovo  dana  bca\r\r\r\nzonalelang zonaba zonauang']
[4],['  Itâ€™s so so funny watching reactionary right wing commentators not actually intellectually conservative struggle as theyâ€¦']
[0],['  Help  OPEN ODE EADY SOCK SICKE NC DEAM WE BOOMğŸŒ \r\r\r\n\r\r\r\nğŸ’  Ukuran cm x cm\r\r\r\nğŸ’  Isi pcs\r\r\r\nğŸ’  Bahan Sticker Chromo\r\r\r\n\r\r\r\nğŸ’°â€¦']
[0],['  Help  OPEN ODE EADY SOCK SICKE NC DEAM WE BOOMğŸŒ \r\r\r\n\r\r\r\nğŸ’  Ukuran cm x cm\r\r\r\nğŸ’  Isi pcs\r\r\r\nğŸ’  Bahan Sticker Chromo\r\r\r\n\r\r\r\nğŸ’°â€¦']
[0],['  Help  OPEN ODE EADY SOCK SICKE NC DEAM WE BOOMğŸŒ \r\r\r\n\r\r\r\nğŸ’  Ukuran cm x cm\r\r\r\nğŸ’  Isi pcs\r\r\r\nğŸ’  Bahan Sticker Chromo\r\r\r\n\r\r\r\nğŸ’°â€¦']
[4],['  Excellent article by Lord West in  today He states that new nuclear power stations alongside renewables willâ€¦']
[0],['  Help  OPEN ODE EADY SOCK SICKE NC DEAM WE BOOMğŸŒ \r\r\r\n\r\r\r\nğŸ’  Ukuran cm x cm\r\r\r\nğŸ’  Isi pcs\r\r\r\nğŸ’  Bahan Sticker Chromo\r\r\r\n\r\r\r\nğŸ’°â€¦']
[0],['  he stunning  are looking to take on an Apprentice Assitant Greenkeeper to join the team in Ascot o applyâ€¦']
[4],['  Interested in a career in Arboriculture ğŸŒ³\r\r\r\n\r\r\r\n are currently recruiting for an Apprentice ree SurgeonArborist toâ€¦']
[0],['BCA Pulse â€“ a record breaking month at BCA in January\r\r\r\n ']
[0],['  Help  OPEN ODE EADY SOCK SICKE NC DEAM WE BOOMğŸŒ \r\r\r\n\r\r\r\nğŸ’  Ukuran cm x cm\r\r\r\nğŸ’  Isi pcs\r\r\r\nğŸ’  Bahan Sticker Chromo\r\r\r\n\r\r\r\nğŸ’°â€¦']
[0],['  Help  OPEN ODE EADY SOCK SICKE NC DEAM WE BOOMğŸŒ \r\r\r\n\r\r\r\nğŸ’  Ukuran cm x cm\r\r\r\nğŸ’  Isi pcs\r\r\r\nğŸ’  Bahan Sticker Chromo\r\r\r\n\r\r\r\nğŸ’°â€¦']
[4],['Hurry Save your titanic from sinking\r\r\r\nJoin C and C courses now\r\r\r\n job placement\r\r\r\nhe Io Academyâ€¦ ']
[4],['  Itâ€™s so so funny watching reactionary right wing commentators not actually intellectually conservative struggle as theyâ€¦']
[0],['  Help  OPEN ODE EADY SOCK SICKE NC DEAM WE BOOMğŸŒ \r\r\r\n\r\r\r\nğŸ’  Ukuran cm x cm\r\r\r\nğŸ’  Isi pcs\r\r\r\nğŸ’  Bahan Sticker Chromo\r\r\r\n\r\r\r\nğŸ’°â€¦']
[4],['  Itâ€™s so so funny watching reactionary right wing commentators not actually intellectually conservative struggle as theyâ€¦']
[4],['  Itâ€™s so so funny watching reactionary right wing commentators not actually intellectually conservative struggle as theyâ€¦']
[0],['  Help  OPEN ODE EADY SOCK SICKE NC DEAM WE BOOMğŸŒ \r\r\r\n\r\r\r\nğŸ’  Ukuran cm x cm\r\r\r\nğŸ’  Isi pcs\r\r\r\nğŸ’  Bahan Sticker Chromo\r\r\r\n\r\r\r\nğŸ’°â€¦']
[0],['  Help  OPEN ODE EADY SOCK PAKE  NC  ouchğŸŒ \r\r\r\n\r\r\r\nğŸ’ FLAG  ali\r\r\r\nğŸ’ POLAOID pcs\r\r\r\nğŸ’ PHOOCAD pcs\r\r\r\nğŸ’ SIKE  Pcsâ€¦']
[0],['  Help  OPEN ODE EADY SOCK PAKE NC U BOSSğŸŒ \r\r\r\n\r\r\r\nğŸ’ FLAG  ali\r\r\r\nğŸ’ POLAOID pcs\r\r\r\nğŸ’ PHOOCAD pcs\r\r\r\nğŸ’ SIKE Pcs\r\r\r\n\r\r\r\nğŸ’° p â€¦']
[0],['  Help  OPEN ODE EADY SOCK SICKE WICE WHA IS LOVEğŸŒ \r\r\r\n\r\r\r\nğŸ’ Ukuran  x  Cm\r\r\r\nğŸ’ Isi  Pcs\r\r\r\nğŸ’ Bahan Stiker Chromo\r\r\r\n\r\r\r\nğŸ’° pâ€¦']
[4],['  Help  OPEN ODE EADY SOCK Photo Strip XğŸŒ \r\r\r\n\r\r\r\nğŸ’ Ukuran  x  Cm\r\r\r\nğŸ’ Bahan  Art Karton Laminasi Glossy\r\r\r\n\r\r\r\nğŸ’° p pcâ€¦']
[0],['  Help  OPEN ODE EADY SOCK SICKE ANSPAAN BğŸŒ \r\r\r\n\r\r\r\nğŸ’ Ukuran  x  Cm\r\r\r\nğŸ’ No Cutting\r\r\r\nğŸ’ Bahan Stiker ransparan\r\r\r\nğŸ’ Vaâ€¦']
[0],['  Help  OPEN ODE EADY SOCK SICKE NC DEAM WE BOOMğŸŒ \r\r\r\n\r\r\r\nğŸ’  Ukuran cm x cm\r\r\r\nğŸ’  Isi pcs\r\r\r\nğŸ’  Bahan Sticker Chromo\r\r\r\n\r\r\r\nğŸ’°â€¦']
[0],['  Help  OPEN ODE EADY SOCK BLACKPINK GELANG UBBE WISBAND BANGLEğŸŒ \r\r\r\n\r\r\r\nğŸ’  Variasi White pink\r\r\r\n\r\r\r\nğŸ’° ppcs\r\r\r\nğŸ’³ OVOGOPâ€¦']
[4],['  Help  EADY SOCK Flag BLACKPINK GUESSğŸŒ \r\r\r\n\r\r\r\nğŸ’ Ukuran  Cm\r\r\r\nğŸ’ Isi  Pcs  ali\r\r\r\nğŸ’ Bahan Art Karton\r\r\r\n\r\r\r\nğŸ’° p \r\r\r\nğŸ’³ OVOGOPAYâ€¦']
[4],['  Help  EADY SOCK Paket Hemat BLACKPINK Kill his LoveğŸŒ \r\r\r\n\r\r\r\nğŸ’ FLAG\r\r\r\nIsi  Pcs  ali\r\r\r\n\r\r\r\nğŸ’ POLAOID\r\r\r\nIsi  Pcs\r\r\r\n\r\r\r\nğŸ’ PHOOCAD\r\r\r\nIsiâ€¦']
[0],['  Help  OPEN ODE EADY SOCK SICKE NC DEAM WE BOOMğŸŒ \r\r\r\n\r\r\r\nğŸ’  Ukuran cm x cm\r\r\r\nğŸ’  Isi pcs\r\r\r\nğŸ’  Bahan Sticker Chromo\r\r\r\n\r\r\r\nğŸ’°â€¦']
[2],['  Help  OPEN ODE EADY SOCK KEYCHAIN LIGHSICKğŸŒ \r\r\r\n\r\r\r\nğŸ’° ppcs\r\r\r\nğŸ’³ OVOGOPAYBCA\r\r\r\nâš ï¸ No ShopeeğŸ™ğŸ»\r\r\r\nâœ‰ï¸ DM FO ODEASK httâ€¦']
[0],['  Help  OPEN ODE EADY SOCK HAND MIO BğŸŒ \r\r\r\n\r\r\r\nKet\r\r\r\nğŸ’  Bahan rubber  \r\r\r\nğŸ’  Ukuran diameter cm\r\r\r\nğŸ’  Ukuran cermin cm\r\r\r\n\r\r\r\nğŸ’° pâ€¦']
[2],['  Help  OPEN ODE EADY SOCK KEYCHAIN MIO BğŸŒ \r\r\r\n\r\r\r\nğŸ’° p \r\r\r\nğŸ’³ OVOGOPAYBCA\r\r\r\nâš ï¸ No ShopeeğŸ™ğŸ»\r\r\r\nâœ‰ï¸ DM FO ODEASK httpsâ€¦']
[0],['  Help  OPEN ODE EADY SOCK SICKE NC DEAM WE BOOMğŸŒ \r\r\r\n\r\r\r\nğŸ’  Ukuran cm x cm\r\r\r\nğŸ’  Isi pcs\r\r\r\nğŸ’  Bahan Sticker Chromo\r\r\r\n\r\r\r\nğŸ’°â€¦']
[0],['  Help  OPEN ODE EADY SOCK SICKE NC DEAM WE BOOMğŸŒ \r\r\r\n\r\r\r\nğŸ’  Ukuran cm x cm\r\r\r\nğŸ’  Isi pcs\r\r\r\nğŸ’  Bahan Sticker Chromo\r\r\r\n\r\r\r\nğŸ’°â€¦']
[0],['  Help  OPEN ODE EADY SOCK SICKE NC DEAM WE BOOMğŸŒ \r\r\r\n\r\r\r\nğŸ’  Ukuran cm x cm\r\r\r\nğŸ’  Isi pcs\r\r\r\nğŸ’  Bahan Sticker Chromo\r\r\r\n\r\r\r\nğŸ’°â€¦']
[0],['  Help  OPEN ODE EADY SOCK SICKE NC DEAM WE BOOMğŸŒ \r\r\r\n\r\r\r\nğŸ’  Ukuran cm x cm\r\r\r\nğŸ’  Isi pcs\r\r\r\nğŸ’  Bahan Sticker Chromo\r\r\r\n\r\r\r\nğŸ’°â€¦']
[0],['WSLFB\r\r\r\nStray Kids Unit I am You Unit  Photocards  Seungmin I Am Who White border\r\r\r\nLeft is the price in ID ighâ€¦ ']
[0],['  Help  OPEN ODE EADY SOCK SICKE NC DEAM WE BOOMğŸŒ \r\r\r\n\r\r\r\nğŸ’  Ukuran cm x cm\r\r\r\nğŸ’  Isi pcs\r\r\r\nğŸ’  Bahan Sticker Chromo\r\r\r\n\r\r\r\nğŸ’°â€¦']
[0],['  Help  OPEN ODE EADY SOCK SICKE NC DEAM WE BOOMğŸŒ \r\r\r\n\r\r\r\nğŸ’  Ukuran cm x cm\r\r\r\nğŸ’  Isi pcs\r\r\r\nğŸ’  Bahan Sticker Chromo\r\r\r\n\r\r\r\nğŸ’°â€¦']
[0],['  Help  OPEN ODE EADY SOCK SICKE NC DEAM WE BOOMğŸŒ \r\r\r\n\r\r\r\nğŸ’  Ukuran cm x cm\r\r\r\nğŸ’  Isi pcs\r\r\r\nğŸ’  Bahan Sticker Chromo\r\r\r\n\r\r\r\nğŸ’°â€¦']
[0],['  Help  OPEN ODE EADY SOCK SICKE NC DEAM WE BOOMğŸŒ \r\r\r\n\r\r\r\nğŸ’  Ukuran cm x cm\r\r\r\nğŸ’  Isi pcs\r\r\r\nğŸ’  Bahan Sticker Chromo\r\r\r\n\r\r\r\nğŸ’°â€¦']
[0],['  Help  OPEN ODE EADY SOCK SICKE NC DEAM WE BOOMğŸŒ \r\r\r\n\r\r\r\nğŸ’  Ukuran cm x cm\r\r\r\nğŸ’  Isi pcs\r\r\r\nğŸ’  Bahan Sticker Chromo\r\r\r\n\r\r\r\nğŸ’°â€¦']
[0],['  Help  OPEN ODE EADY SOCK SICKE NC DEAM WE BOOMğŸŒ \r\r\r\n\r\r\r\nğŸ’  Ukuran cm x cm\r\r\r\nğŸ’  Isi pcs\r\r\r\nğŸ’  Bahan Sticker Chromo\r\r\r\n\r\r\r\nğŸ’°â€¦']
[0],['  Help  OPEN ODE EADY SOCK SICKE NC DEAM WE BOOMğŸŒ \r\r\r\n\r\r\r\nğŸ’  Ukuran cm x cm\r\r\r\nğŸ’  Isi pcs\r\r\r\nğŸ’  Bahan Sticker Chromo\r\r\r\n\r\r\r\nğŸ’°â€¦']
[0],['  Help  OPEN ODE EADY SOCK SICKE NC DEAM WE BOOMğŸŒ \r\r\r\n\r\r\r\nğŸ’  Ukuran cm x cm\r\r\r\nğŸ’  Isi pcs\r\r\r\nğŸ’  Bahan Sticker Chromo\r\r\r\n\r\r\r\nğŸ’°â€¦']
[0],[' EXO ALBUM ONLY\r\r\r\n\r\r\r\nID \r\r\r\nDP kAlbum\r\r\r\nâœ… Album only\r\r\r\nâœ… Include tax amp ems\r\r\r\nâœ… eadystock\r\r\r\nâœ… Payment BCâ€¦ ']
[0],['  Help  OPEN ODE EADY SOCK SICKE NC DEAM WE BOOMğŸŒ \r\r\r\n\r\r\r\nğŸ’  Ukuran cm x cm\r\r\r\nğŸ’  Isi pcs\r\r\r\nğŸ’  Bahan Sticker Chromo\r\r\r\n\r\r\r\nğŸ’°â€¦']
[0],['  Help  OPEN ODE EADY SOCK SICKE NC DEAM WE BOOMğŸŒ \r\r\r\n\r\r\r\nğŸ’  Ukuran cm x cm\r\r\r\nğŸ’  Isi pcs\r\r\r\nğŸ’  Bahan Sticker Chromo\r\r\r\n\r\r\r\nğŸ’°â€¦']
[0],['  Help  OPEN ODE EADY SOCK SICKE NC DEAM WE BOOMğŸŒ \r\r\r\n\r\r\r\nğŸ’  Ukuran cm x cm\r\r\r\nğŸ’  Isi pcs\r\r\r\nğŸ’  Bahan Sticker Chromo\r\r\r\n\r\r\r\nğŸ’°â€¦']
[0],['  Help  OPEN ODE EADY SOCK SICKE NC DEAM WE BOOMğŸŒ \r\r\r\n\r\r\r\nğŸ’  Ukuran cm x cm\r\r\r\nğŸ’  Isi pcs\r\r\r\nğŸ’  Bahan Sticker Chromo\r\r\r\n\r\r\r\nğŸ’°â€¦']
[0],['MSC Bank Jobs Officers Assistants amp Clerks ecruitment  â€“ Any Bachelorâ€™s Degree Holder ie BA  BSc  BCom â€¦ ']
[0],['  Help  OPEN ODE EADY SOCK SICKE NC DEAM WE BOOMğŸŒ \r\r\r\n\r\r\r\nğŸ’  Ukuran cm x cm\r\r\r\nğŸ’  Isi pcs\r\r\r\nğŸ’  Bahan Sticker Chromo\r\r\r\n\r\r\r\nğŸ’°â€¦']
[0],['  Help  OPEN ODE EADY SOCK SICKE NC DEAM WE BOOMğŸŒ \r\r\r\n\r\r\r\nğŸ’  Ukuran cm x cm\r\r\r\nğŸ’  Isi pcs\r\r\r\nğŸ’  Bahan Sticker Chromo\r\r\r\n\r\r\r\nğŸ’°â€¦']
[0],['  Help  OPEN ODE EADY SOCK SICKE NC DEAM WE BOOMğŸŒ \r\r\r\n\r\r\r\nğŸ’  Ukuran cm x cm\r\r\r\nğŸ’  Isi pcs\r\r\r\nğŸ’  Bahan Sticker Chromo\r\r\r\n\r\r\r\nğŸ’°â€¦']
[0],['  Help  OPEN ODE EADY SOCK SICKE NC DEAM WE BOOMğŸŒ \r\r\r\n\r\r\r\nğŸ’  Ukuran cm x cm\r\r\r\nğŸ’  Isi pcs\r\r\r\nğŸ’  Bahan Sticker Chromo\r\r\r\n\r\r\r\nğŸ’°â€¦']
[0],['  Help  OPEN ODE EADY SOCK SICKE NC DEAM WE BOOMğŸŒ \r\r\r\n\r\r\r\nğŸ’  Ukuran cm x cm\r\r\r\nğŸ’  Isi pcs\r\r\r\nğŸ’  Bahan Sticker Chromo\r\r\r\n\r\r\r\nğŸ’°â€¦']
[0],['  Big senior night win to move to  with  win over Pelican apids Finn Diggins led the way with  PS  s amp Elijâ€¦']
[0],['  Help  OPEN ODE EADY SOCK SICKE NC DEAM WE BOOMğŸŒ \r\r\r\n\r\r\r\nğŸ’  Ukuran cm x cm\r\r\r\nğŸ’  Isi pcs\r\r\r\nğŸ’  Bahan Sticker Chromo\r\r\r\n\r\r\r\nğŸ’°â€¦']
[0],['  Help  OPEN ODE EADY SOCK SICKE NC DEAM WE BOOMğŸŒ \r\r\r\n\r\r\r\nğŸ’  Ukuran cm x cm\r\r\r\nğŸ’  Isi pcs\r\r\r\nğŸ’  Bahan Sticker Chromo\r\r\r\n\r\r\r\nğŸ’°â€¦']
[0],['Public ransport subway elevated tramways connecting modern busses and rideapps is reducing purchase of cars ampâ€¦ ']
[0],['  Help  OPEN ODE EADY SOCK SICKE NC DEAM WE BOOMğŸŒ \r\r\r\n\r\r\r\nğŸ’  Ukuran cm x cm\r\r\r\nğŸ’  Isi pcs\r\r\r\nğŸ’  Bahan Sticker Chromo\r\r\r\n\r\r\r\nğŸ’°â€¦']
[0],['  Help  OPEN ODE EADY SOCK SICKE NC DEAM WE BOOMğŸŒ \r\r\r\n\r\r\r\nğŸ’  Ukuran cm x cm\r\r\r\nğŸ’  Isi pcs\r\r\r\nğŸ’  Bahan Sticker Chromo\r\r\r\n\r\r\r\nğŸ’°â€¦']
[0],['  Help  OPEN ODE EADY SOCK SICKE NC DEAM WE BOOMğŸŒ \r\r\r\n\r\r\r\nğŸ’  Ukuran cm x cm\r\r\r\nğŸ’  Isi pcs\r\r\r\nğŸ’  Bahan Sticker Chromo\r\r\r\n\r\r\r\nğŸ’°â€¦']
[0],['  Help  OPEN ODE EADY SOCK SICKE NC DEAM WE BOOMğŸŒ \r\r\r\n\r\r\r\nğŸ’  Ukuran cm x cm\r\r\r\nğŸ’  Isi pcs\r\r\r\nğŸ’  Bahan Sticker Chromo\r\r\r\n\r\r\r\nğŸ’°â€¦']
[4],['    Whats not to love\r\r\r\nNot only do you have to build a wind turbine and  backup generation youâ€¦']
[0],['  Help  OPEN ODE EADY SOCK SICKE NC DEAM WE BOOMğŸŒ \r\r\r\n\r\r\r\nğŸ’  Ukuran cm x cm\r\r\r\nğŸ’  Isi pcs\r\r\r\nğŸ’  Bahan Sticker Chromo\r\r\r\n\r\r\r\nğŸ’°â€¦']
[0],['    ks  Dodi']
[0],['  Help  OPEN ODE EADY SOCK SICKE NC DEAM WE BOOMğŸŒ \r\r\r\n\r\r\r\nğŸ’  Ukuran cm x cm\r\r\r\nğŸ’  Isi pcs\r\r\r\nğŸ’  Bahan Sticker Chromo\r\r\r\n\r\r\r\nğŸ’°â€¦']
[0],['  Help  OPEN ODE EADY SOCK SICKE NC DEAM WE BOOMğŸŒ \r\r\r\n\r\r\r\nğŸ’  Ukuran cm x cm\r\r\r\nğŸ’  Isi pcs\r\r\r\nğŸ’  Bahan Sticker Chromo\r\r\r\n\r\r\r\nğŸ’°â€¦']
[0],['  Help  OPEN ODE EADY SOCK SICKE NC DEAM WE BOOMğŸŒ \r\r\r\n\r\r\r\nğŸ’  Ukuran cm x cm\r\r\r\nğŸ’  Isi pcs\r\r\r\nğŸ’  Bahan Sticker Chromo\r\r\r\n\r\r\r\nğŸ’°â€¦']
[0],['  Help  OPEN ODE EADY SOCK SICKE NC DEAM WE BOOMğŸŒ \r\r\r\n\r\r\r\nğŸ’  Ukuran cm x cm\r\r\r\nğŸ’  Isi pcs\r\r\r\nğŸ’  Bahan Sticker Chromo\r\r\r\n\r\r\r\nğŸ’°â€¦']
[4],['  Itâ€™s so so funny watching reactionary right wing commentators not actually intellectually conservative struggle as theyâ€¦']
[4],['Brachy Womens Sexy Embroidery lace Padded Designer Soft Special Day Honeymoon Lingerie Bra Panty Set BCANBPWWFLSEâ€¦ ']
[0],['  Help  OPEN ODE EADY SOCK SICKE NC DEAM WE BOOMğŸŒ \r\r\r\n\r\r\r\nğŸ’  Ukuran cm x cm\r\r\r\nğŸ’  Isi pcs\r\r\r\nğŸ’  Bahan Sticker Chromo\r\r\r\n\r\r\r\nğŸ’°â€¦']
[0],['  Help  OPEN ODE EADY SOCK SICKE NC DEAM WE BOOMğŸŒ \r\r\r\n\r\r\r\nğŸ’  Ukuran cm x cm\r\r\r\nğŸ’  Isi pcs\r\r\r\nğŸ’  Bahan Sticker Chromo\r\r\r\n\r\r\r\nğŸ’°â€¦']
[0],['  Help  OPEN ODE EADY SOCK SICKE NC DEAM WE BOOMğŸŒ \r\r\r\n\r\r\r\nğŸ’  Ukuran cm x cm\r\r\r\nğŸ’  Isi pcs\r\r\r\nğŸ’  Bahan Sticker Chromo\r\r\r\n\r\r\r\nğŸ’°â€¦']
[4],['  Itâ€™s so so funny watching reactionary right wing commentators not actually intellectually conservative struggle as theyâ€¦']
[4],['  HELP \r\r\r\n\r\r\r\nBACH  OPEN PO ALBUM BS MOS  \r\r\r\n\r\r\r\neach\r\r\r\nset\r\r\r\n\r\r\r\nDP  each\r\r\r\n\r\r\r\nâœ”ï¸ Incld EMS AX disharingâ€¦']
[0],['  Help  OPEN ODE EADY SOCK SICKE NC DEAM WE BOOMğŸŒ \r\r\r\n\r\r\r\nğŸ’  Ukuran cm x cm\r\r\r\nğŸ’  Isi pcs\r\r\r\nğŸ’  Bahan Sticker Chromo\r\r\r\n\r\r\r\nğŸ’°â€¦']
[0],['  Help  OPEN ODE EADY SOCK SICKE NC DEAM WE BOOMğŸŒ \r\r\r\n\r\r\r\nğŸ’  Ukuran cm x cm\r\r\r\nğŸ’  Isi pcs\r\r\r\nğŸ’  Bahan Sticker Chromo\r\r\r\n\r\r\r\nğŸ’°â€¦']
[0],['  Help  OPEN ODE EADY SOCK SICKE NC DEAM WE BOOMğŸŒ \r\r\r\n\r\r\r\nğŸ’  Ukuran cm x cm\r\r\r\nğŸ’  Isi pcs\r\r\r\nğŸ’  Bahan Sticker Chromo\r\r\r\n\r\r\r\nğŸ’°â€¦']
[0],['  Help  OPEN ODE EADY SOCK SICKE NC DEAM WE BOOMğŸŒ \r\r\r\n\r\r\r\nğŸ’  Ukuran cm x cm\r\r\r\nğŸ’  Isi pcs\r\r\r\nğŸ’  Bahan Sticker Chromo\r\r\r\n\r\r\r\nğŸ’°â€¦']
[0],['  he churches that are flourishing are churches that believe in evangelism and whose members share their faith hese câ€¦']
[0],['  Help  OPEN ODE EADY SOCK SICKE NC DEAM WE BOOMğŸŒ \r\r\r\n\r\r\r\nğŸ’  Ukuran cm x cm\r\r\r\nğŸ’  Isi pcs\r\r\r\nğŸ’  Bahan Sticker Chromo\r\r\r\n\r\r\r\nğŸ’°â€¦']
[0],['  Help  OPEN ODE EADY SOCK SICKE NC DEAM WE BOOMğŸŒ \r\r\r\n\r\r\r\nğŸ’  Ukuran cm x cm\r\r\r\nğŸ’  Isi pcs\r\r\r\nğŸ’  Bahan Sticker Chromo\r\r\r\n\r\r\r\nğŸ’°â€¦']
[4],['  Itâ€™s so so funny watching reactionary right wing commentators not actually intellectually conservative struggle as theyâ€¦']
[0],[' UGCampus organized another knowledgeablesession under AlumnialkSeries for BCA  Year Studentsâ€¦ ']
[0],['  Help  OPEN ODE EADY SOCK SICKE NC DEAM WE BOOMğŸŒ \r\r\r\n\r\r\r\nğŸ’  Ukuran cm x cm\r\r\r\nğŸ’  Isi pcs\r\r\r\nğŸ’  Bahan Sticker Chromo\r\r\r\n\r\r\r\nğŸ’°â€¦']
[0],['  Help  OPEN ODE EADY SOCK SICKE NC DEAM WE BOOMğŸŒ \r\r\r\n\r\r\r\nğŸ’  Ukuran cm x cm\r\r\r\nğŸ’  Isi pcs\r\r\r\nğŸ’  Bahan Sticker Chromo\r\r\r\n\r\r\r\nğŸ’°â€¦']
[0],['  Help  OPEN ODE EADY SOCK SICKE NC DEAM WE BOOMğŸŒ \r\r\r\n\r\r\r\nğŸ’  Ukuran cm x cm\r\r\r\nğŸ’  Isi pcs\r\r\r\nğŸ’  Bahan Sticker Chromo\r\r\r\n\r\r\r\nğŸ’°â€¦']
[0],['EADY SOCK\r\r\r\nPhotocard We Go Up Mark\r\r\r\n\r\r\r\nHarga  p \r\r\r\n\r\r\r\nâœ”ShopeeBCAOVO\r\r\r\nğŸššDom Yogyakarta\r\r\r\nWS WB ']
[0],['  Help  OPEN ODE EADY SOCK SICKE NC DEAM WE BOOMğŸŒ \r\r\r\n\r\r\r\nğŸ’  Ukuran cm x cm\r\r\r\nğŸ’  Isi pcs\r\r\r\nğŸ’  Bahan Sticker Chromo\r\r\r\n\r\r\r\nğŸ’°â€¦']
[4],['  Itâ€™s so so funny watching reactionary right wing commentators not actually intellectually conservative struggle as theyâ€¦']
[0],['  Help  OPEN ODE EADY SOCK SICKE NC DEAM WE BOOMğŸŒ \r\r\r\n\r\r\r\nğŸ’  Ukuran cm x cm\r\r\r\nğŸ’  Isi pcs\r\r\r\nğŸ’  Bahan Sticker Chromo\r\r\r\n\r\r\r\nğŸ’°â€¦']
[0],['ğŸ“ HANYA Open  slot \r\r\r\nğŸ“ NEFLIX ANI ON HOLD saja\r\r\r\nğŸ“ Payment only BCA amp DANA OVO k \r\r\r\nğŸ“ Order DM ']
[0],['Ncts NC  Irregular album Unsealed incl pc Johnny semua isi album komplit \r\r\r\nPrice k\r\r\r\nEADY INA SIAP KIIMâ€¦ ']
[0],['  Help  OPEN ODE EADY SOCK SICKE NC DEAM WE BOOMğŸŒ \r\r\r\n\r\r\r\nğŸ’  Ukuran cm x cm\r\r\r\nğŸ’  Isi pcs\r\r\r\nğŸ’  Bahan Sticker Chromo\r\r\r\n\r\r\r\nğŸ’°â€¦']
[0],['  Help  OPEN ODE EADY SOCK SICKE NC DEAM WE BOOMğŸŒ \r\r\r\n\r\r\r\nğŸ’  Ukuran cm x cm\r\r\r\nğŸ’  Isi pcs\r\r\r\nğŸ’  Bahan Sticker Chromo\r\r\r\n\r\r\r\nğŸ’°â€¦']
[0],['  Help  OPEN ODE EADY SOCK SICKE NC DEAM WE BOOMğŸŒ \r\r\r\n\r\r\r\nğŸ’  Ukuran cm x cm\r\r\r\nğŸ’  Isi pcs\r\r\r\nğŸ’  Bahan Sticker Chromo\r\r\r\n\r\r\r\nğŸ’°â€¦']
[4],['  HELP \r\r\r\n\r\r\r\nBACH  OPEN PO ALBUM BS MOS  \r\r\r\n\r\r\r\neach\r\r\r\nset\r\r\r\n\r\r\r\nDP  each\r\r\r\n\r\r\r\nâœ”ï¸ Incld EMS AX disharingâ€¦']
[0],['  HELP \r\r\r\n\r\r\r\nWS SLOGAN EADY INDO\r\r\r\n\r\r\r\npayment bca only\r\r\r\nshipping shopee freeong\r\r\r\ndom jakarta\r\r\r\n\r\r\r\ndetails and price check twt belowâ€¦']
[0],['  help rt sll acc ini\r\r\r\nk ovo  dana  bca\r\r\r\nzonalelang zonaba zonauang']
[0],['  Help  OPEN ODE EADY SOCK SICKE NC DEAM WE BOOMğŸŒ \r\r\r\n\r\r\r\nğŸ’  Ukuran cm x cm\r\r\r\nğŸ’  Isi pcs\r\r\r\nğŸ’  Bahan Sticker Chromo\r\r\r\n\r\r\r\nğŸ’°â€¦']
[0],['  Help  OPEN ODE EADY SOCK SICKE NC DEAM WE BOOMğŸŒ \r\r\r\n\r\r\r\nğŸ’  Ukuran cm x cm\r\r\r\nğŸ’  Isi pcs\r\r\r\nğŸ’  Bahan Sticker Chromo\r\r\r\n\r\r\r\nğŸ’°â€¦']
[0],['  Help  OPEN ODE EADY SOCK SICKE NC DEAM WE BOOMğŸŒ \r\r\r\n\r\r\r\nğŸ’  Ukuran cm x cm\r\r\r\nğŸ’  Isi pcs\r\r\r\nğŸ’  Bahan Sticker Chromo\r\r\r\n\r\r\r\nğŸ’°â€¦']
[0],['  Help  OPEN ODE EADY SOCK SICKE NC DEAM WE BOOMğŸŒ \r\r\r\n\r\r\r\nğŸ’  Ukuran cm x cm\r\r\r\nğŸ’  Isi pcs\r\r\r\nğŸ’  Bahan Sticker Chromo\r\r\r\n\r\r\r\nğŸ’°â€¦']
[0],['  educator asked\r\r\r\nğŸ‘‰how far have you studied\r\r\r\n\r\r\r\nSimple man \r\r\r\nğŸ‘‰says i did  done  my MCA And BCA etc\r\r\r\n\r\r\r\nButğŸ‘‡\r\r\r\n\r\r\r\nhe  said \r\r\r\nğŸ‘‰Iâ€¦']
[0],['  Help  OPEN ODE EADY SOCK SICKE NC DEAM WE BOOMğŸŒ \r\r\r\n\r\r\r\nğŸ’  Ukuran cm x cm\r\r\r\nğŸ’  Isi pcs\r\r\r\nğŸ’  Bahan Sticker Chromo\r\r\r\n\r\r\r\nğŸ’°â€¦']
[0],['  Help  OPEN ODE EADY SOCK SICKE NC DEAM WE BOOMğŸŒ \r\r\r\n\r\r\r\nğŸ’  Ukuran cm x cm\r\r\r\nğŸ’  Isi pcs\r\r\r\nğŸ’  Bahan Sticker Chromo\r\r\r\n\r\r\r\nğŸ’°â€¦']
[0],['   HELP  \r\r\r\n\r\r\r\nWS Slogan Minhee by cm\r\r\r\n\r\r\r\nâ€¢ fullset\r\r\r\nSlogan reflective   zipbag  gift\r\r\r\nâ€¢ k nett\r\r\r\nâ€¢ payment via bcâ€¦']
[0],['  HELP \r\r\r\n\r\r\r\nWS SLOGAN EADY INDO\r\r\r\n\r\r\r\npayment bca only\r\r\r\nshipping shopee freeong\r\r\r\ndom jakarta\r\r\r\n\r\r\r\ndetails and price check twt belowâ€¦']
[0],['  Help  OPEN ODE EADY SOCK SICKE NC DEAM WE BOOMğŸŒ \r\r\r\n\r\r\r\nğŸ’  Ukuran cm x cm\r\r\r\nğŸ’  Isi pcs\r\r\r\nğŸ’  Bahan Sticker Chromo\r\r\r\n\r\r\r\nğŸ’°â€¦']
[0],['  HELP \r\r\r\n\r\r\r\nWS SLOGAN EADY INDO\r\r\r\n\r\r\r\npayment bca only\r\r\r\nshipping shopee freeong\r\r\r\ndom jakarta\r\r\r\n\r\r\r\ndetails and price check twt belowâ€¦']
[0],['  Help  OPEN ODE EADY SOCK SICKE NC DEAM WE BOOMğŸŒ \r\r\r\n\r\r\r\nğŸ’  Ukuran cm x cm\r\r\r\nğŸ’  Isi pcs\r\r\r\nğŸ’  Bahan Sticker Chromo\r\r\r\n\r\r\r\nğŸ’°â€¦']
[0],['   HELP  \r\r\r\n\r\r\r\nWS Slogan Minhee by cm\r\r\r\n\r\r\r\nâ€¢ fullset\r\r\r\nSlogan reflective   zipbag  gift\r\r\r\nâ€¢ k nett\r\r\r\nâ€¢ payment via bcâ€¦']
[0],['  Help  OPEN ODE EADY SOCK SICKE NC DEAM WE BOOMğŸŒ \r\r\r\n\r\r\r\nğŸ’  Ukuran cm x cm\r\r\r\nğŸ’  Isi pcs\r\r\r\nğŸ’  Bahan Sticker Chromo\r\r\r\n\r\r\r\nğŸ’°â€¦']
[0],['   HELP  \r\r\r\n\r\r\r\nWS Slogan Minhee by cm\r\r\r\n\r\r\r\nâ€¢ fullset\r\r\r\nSlogan reflective   zipbag  gift\r\r\r\nâ€¢ k nett\r\r\r\nâ€¢ payment via bcâ€¦']
[0],['jual contact reseller first hand  files k\r\r\r\nvia ovo gopay dana bca\r\r\r\n']
[0],['  Help  OPEN ODE EADY SOCK SICKE NC DEAM WE BOOMğŸŒ \r\r\r\n\r\r\r\nğŸ’  Ukuran cm x cm\r\r\r\nğŸ’  Isi pcs\r\r\r\nğŸ’  Bahan Sticker Chromo\r\r\r\n\r\r\r\nğŸ’°â€¦']
[0],[' HELP  \r\r\r\n\r\r\r\nWS Slogan Minhee by cm\r\r\r\n\r\r\r\nâ€¢ fullset\r\r\r\nSlogan reflective   zipbag  gift\r\r\r\nâ€¢ k nett\r\r\r\nâ€¢ paymentâ€¦ ']
[0],['  Help  OPEN ODE EADY SOCK SICKE NC DEAM WE BOOMğŸŒ \r\r\r\n\r\r\r\nğŸ’  Ukuran cm x cm\r\r\r\nğŸ’  Isi pcs\r\r\r\nğŸ’  Bahan Sticker Chromo\r\r\r\n\r\r\r\nğŸ’°â€¦']
[0],['  Help  OPEN ODE EADY SOCK SICKE NC DEAM WE BOOMğŸŒ \r\r\r\n\r\r\r\nğŸ’  Ukuran cm x cm\r\r\r\nğŸ’  Isi pcs\r\r\r\nğŸ’  Bahan Sticker Chromo\r\r\r\n\r\r\r\nğŸ’°â€¦']
[0],['  his is a lie\r\r\r\n\r\r\r\nOnly  who viewed their ultrasound ultimately decided to continue their pregnancy in a peer reviewedâ€¦']
[0],['  Help  OPEN ODE EADY SOCK SICKE NC DEAM WE BOOMğŸŒ \r\r\r\n\r\r\r\nğŸ’  Ukuran cm x cm\r\r\r\nğŸ’  Isi pcs\r\r\r\nğŸ’  Bahan Sticker Chromo\r\r\r\n\r\r\r\nğŸ’°â€¦']
[0],['  HELP \r\r\r\n\r\r\r\nWS SLOGAN EADY INDO\r\r\r\n\r\r\r\npayment bca only\r\r\r\nshipping shopee freeong\r\r\r\ndom jakarta\r\r\r\n\r\r\r\ndetails and price check twt belowâ€¦']
[0],['  Help  OPEN ODE EADY SOCK SICKE NC DEAM WE BOOMğŸŒ \r\r\r\n\r\r\r\nğŸ’  Ukuran cm x cm\r\r\r\nğŸ’  Isi pcs\r\r\r\nğŸ’  Bahan Sticker Chromo\r\r\r\n\r\r\r\nğŸ’°â€¦']
[0],['  Help  OPEN ODE EADY SOCK SICKE NC DEAM WE BOOMğŸŒ \r\r\r\n\r\r\r\nğŸ’  Ukuran cm x cm\r\r\r\nğŸ’  Isi pcs\r\r\r\nğŸ’  Bahan Sticker Chromo\r\r\r\n\r\r\r\nğŸ’°â€¦']
[0],['  Network Club  organized an IndustrialVisit for its Students to Networkers CCIE Noida on th Februaryâ€¦']
[0],['  Help  OPEN ODE EADY SOCK SICKE NC DEAM WE BOOMğŸŒ \r\r\r\n\r\r\r\nğŸ’  Ukuran cm x cm\r\r\r\nğŸ’  Isi pcs\r\r\r\nğŸ’  Bahan Sticker Chromo\r\r\r\n\r\r\r\nğŸ’°â€¦']
[0],['  Help  OPEN ODE EADY SOCK SICKE NC DEAM WE BOOMğŸŒ \r\r\r\n\r\r\r\nğŸ’  Ukuran cm x cm\r\r\r\nğŸ’  Isi pcs\r\r\r\nğŸ’  Bahan Sticker Chromo\r\r\r\n\r\r\r\nğŸ’°â€¦']
[0],['  Help  OPEN ODE EADY SOCK SICKE NC DEAM WE BOOMğŸŒ \r\r\r\n\r\r\r\nğŸ’  Ukuran cm x cm\r\r\r\nğŸ’  Isi pcs\r\r\r\nğŸ’  Bahan Sticker Chromo\r\r\r\n\r\r\r\nğŸ’°â€¦']
[0],['  educator asked\r\r\r\nğŸ‘‰how far have you studied\r\r\r\n\r\r\r\nSimple man \r\r\r\nğŸ‘‰says i did  done  my MCA And BCA etc\r\r\r\n\r\r\r\nButğŸ‘‡\r\r\r\n\r\r\r\nhe  said \r\r\r\nğŸ‘‰Iâ€¦']
[0],['  Help  OPEN ODE EADY SOCK SICKE NC DEAM WE BOOMğŸŒ \r\r\r\n\r\r\r\nğŸ’  Ukuran cm x cm\r\r\r\nğŸ’  Isi pcs\r\r\r\nğŸ’  Bahan Sticker Chromo\r\r\r\n\r\r\r\nğŸ’°â€¦']
[0],['  WS ğŸ’˜\r\r\r\n\r\r\r\nâ˜ï¸ ID U AEHYUN\r\r\r\nâ˜ï¸  ID\r\r\r\nâ˜ï¸ SHOPEEBCAOVODANA\r\r\r\nâ˜ï¸ bisa free ong\r\r\r\n\r\r\r\nplease kindly help me to  amp for more iâ€¦']
[0],['  Help  OPEN ODE EADY SOCK SICKE NC DEAM WE BOOMğŸŒ \r\r\r\n\r\r\r\nğŸ’  Ukuran cm x cm\r\r\r\nğŸ’  Isi pcs\r\r\r\nğŸ’  Bahan Sticker Chromo\r\r\r\n\r\r\r\nğŸ’°â€¦']
[4],['  Itâ€™s so so funny watching reactionary right wing commentators not actually intellectually conservative struggle as theyâ€¦']
[4],['  Itâ€™s so so funny watching reactionary right wing commentators not actually intellectually conservative struggle as theyâ€¦']
[4],['Where are all the UKâ€™s new homes being built\r\r\r\n']
[0],['  Help  OPEN ODE EADY SOCK SICKE NC DEAM WE BOOMğŸŒ \r\r\r\n\r\r\r\nğŸ’  Ukuran cm x cm\r\r\r\nğŸ’  Isi pcs\r\r\r\nğŸ’  Bahan Sticker Chromo\r\r\r\n\r\r\r\nğŸ’°â€¦']
[4],['   INA GO \r\r\r\n\r\r\r\nPE ODE ASO  One and Only Special Single Album \r\r\r\n\r\r\r\nğŸ’° k INC EMSAX\r\r\r\nDp k\r\r\r\n\r\r\r\nğŸ“Œ ELEASE  MAEâ€¦']
[0],['  Help  OPEN ODE EADY SOCK SICKE NC DEAM WE BOOMğŸŒ \r\r\r\n\r\r\r\nğŸ’  Ukuran cm x cm\r\r\r\nğŸ’  Isi pcs\r\r\r\nğŸ’  Bahan Sticker Chromo\r\r\r\n\r\r\r\nğŸ’°â€¦']
[4],['  Itâ€™s so so funny watching reactionary right wing commentators not actually intellectually conservative struggle as theyâ€¦']
[0],['  Help  OPEN ODE EADY SOCK SICKE NC DEAM WE BOOMğŸŒ \r\r\r\n\r\r\r\nğŸ’  Ukuran cm x cm\r\r\r\nğŸ’  Isi pcs\r\r\r\nğŸ’  Bahan Sticker Chromo\r\r\r\n\r\r\r\nğŸ’°â€¦']
[4],['  Itâ€™s so so funny watching reactionary right wing commentators not actually intellectually conservative struggle as theyâ€¦']
[0],['  Help  OPEN ODE EADY SOCK SICKE NC DEAM WE BOOMğŸŒ \r\r\r\n\r\r\r\nğŸ’  Ukuran cm x cm\r\r\r\nğŸ’  Isi pcs\r\r\r\nğŸ’  Bahan Sticker Chromo\r\r\r\n\r\r\r\nğŸ’°â€¦']
[0],['  Help  OPEN ODE EADY SOCK SICKE NC DEAM WE BOOMğŸŒ \r\r\r\n\r\r\r\nğŸ’  Ukuran cm x cm\r\r\r\nğŸ’  Isi pcs\r\r\r\nğŸ’  Bahan Sticker Chromo\r\r\r\n\r\r\r\nğŸ’°â€¦']
[0],['  WS ğŸ’˜\r\r\r\n\r\r\r\nâ˜ï¸ ID U YEONJUN\r\r\r\nâ˜ï¸  ID\r\r\r\nâ˜ï¸ SHOPEEBCAOVODANA\r\r\r\nâ˜ï¸ bisa free ong\r\r\r\n\r\r\r\nplease kindly help me to  amp for more iâ€¦']
[0],['WS ğŸ’˜\r\r\r\n\r\r\r\nâ˜ï¸ ID U YEONJUN\r\r\r\nâ˜ï¸  ID\r\r\r\nâ˜ï¸ SHOPEEBCAOVODANA\r\r\r\nâ˜ï¸ bisa free ong\r\r\r\n\r\r\r\nplease kindly help me to  amp forâ€¦ ']
[4],['  Itâ€™s so so funny watching reactionary right wing commentators not actually intellectually conservative struggle as theyâ€¦']
[0],['WS ğŸ’˜\r\r\r\n\r\r\r\nâ˜ï¸ ID U AEHYUN\r\r\r\nâ˜ï¸  ID\r\r\r\nâ˜ï¸ SHOPEEBCAOVODANA\r\r\r\nâ˜ï¸ bisa free ong\r\r\r\n\r\r\r\nplease kindly help me to  amp forâ€¦ ']
[0],['WS ğŸ’˜\r\r\r\n\r\r\r\nâ˜ï¸ ID PAD AEHYUN\r\r\r\nâ˜ï¸  ID\r\r\r\nâ˜ï¸ SHOPEEBCAOVODANA\r\r\r\nâ˜ï¸ bisa free ong\r\r\r\n\r\r\r\nplease kindly help me to  amp forâ€¦ ']
[0],['  Help  OPEN ODE EADY SOCK SICKE NC DEAM WE BOOMğŸŒ \r\r\r\n\r\r\r\nğŸ’  Ukuran cm x cm\r\r\r\nğŸ’  Isi pcs\r\r\r\nğŸ’  Bahan Sticker Chromo\r\r\r\n\r\r\r\nğŸ’°â€¦']
[0],['WS ğŸ’˜\r\r\r\n\r\r\r\nâ˜ï¸ ID PAD BEOMGYU \r\r\r\nâ˜ï¸  ID\r\r\r\nâ˜ï¸ SHOPEEBCAOVODANA\r\r\r\nâ˜ï¸ bisa free ong\r\r\r\n\r\r\r\nplease kindly help me to  amp foâ€¦ ']
[0],['  Help  OPEN ODE EADY SOCK SICKE NC DEAM WE BOOMğŸŒ \r\r\r\n\r\r\r\nğŸ’  Ukuran cm x cm\r\r\r\nğŸ’  Isi pcs\r\r\r\nğŸ’  Bahan Sticker Chromo\r\r\r\n\r\r\r\nğŸ’°â€¦']
[0],['  Help  OPEN ODE EADY SOCK SICKE NC DEAM WE BOOMğŸŒ \r\r\r\n\r\r\r\nğŸ’  Ukuran cm x cm\r\r\r\nğŸ’  Isi pcs\r\r\r\nğŸ’  Bahan Sticker Chromo\r\r\r\n\r\r\r\nğŸ’°â€¦']
[4],['  Itâ€™s so so funny watching reactionary right wing commentators not actually intellectually conservative struggle as theyâ€¦']
[0],['  Help  OPEN ODE EADY SOCK SICKE NC DEAM WE BOOMğŸŒ \r\r\r\n\r\r\r\nğŸ’  Ukuran cm x cm\r\r\r\nğŸ’  Isi pcs\r\r\r\nğŸ’  Bahan Sticker Chromo\r\r\r\n\r\r\r\nğŸ’°â€¦']
[2],['How Warming Winters Are Affecting Everything  via  climatechange']
[0],['  Help  OPEN ODE EADY SOCK SICKE NC DEAM WE BOOMğŸŒ \r\r\r\n\r\r\r\nğŸ’  Ukuran cm x cm\r\r\r\nğŸ’  Isi pcs\r\r\r\nğŸ’  Bahan Sticker Chromo\r\r\r\n\r\r\r\nğŸ’°â€¦']
[0],['  Help  OPEN ODE EADY SOCK SICKE NC DEAM WE BOOMğŸŒ \r\r\r\n\r\r\r\nğŸ’  Ukuran cm x cm\r\r\r\nğŸ’  Isi pcs\r\r\r\nğŸ’  Bahan Sticker Chromo\r\r\r\n\r\r\r\nğŸ’°â€¦']
[0],['  Help  OPEN ODE EADY SOCK SICKE NC DEAM WE BOOMğŸŒ \r\r\r\n\r\r\r\nğŸ’  Ukuran cm x cm\r\r\r\nğŸ’  Isi pcs\r\r\r\nğŸ’  Bahan Sticker Chromo\r\r\r\n\r\r\r\nğŸ’°â€¦']
[0],['  Help  OPEN ODE EADY SOCK SICKE NC DEAM WE BOOMğŸŒ \r\r\r\n\r\r\r\nğŸ’  Ukuran cm x cm\r\r\r\nğŸ’  Isi pcs\r\r\r\nğŸ’  Bahan Sticker Chromo\r\r\r\n\r\r\r\nğŸ’°â€¦']
[0],['  Help  OPEN ODE EADY SOCK SICKE NC DEAM WE BOOMğŸŒ \r\r\r\n\r\r\r\nğŸ’  Ukuran cm x cm\r\r\r\nğŸ’  Isi pcs\r\r\r\nğŸ’  Bahan Sticker Chromo\r\r\r\n\r\r\r\nğŸ’°â€¦']
[4],['  Itâ€™s so so funny watching reactionary right wing commentators not actually intellectually conservative struggle as theyâ€¦']
[0],['  Help  OPEN ODE EADY SOCK SICKE NC DEAM WE BOOMğŸŒ \r\r\r\n\r\r\r\nğŸ’  Ukuran cm x cm\r\r\r\nğŸ’  Isi pcs\r\r\r\nğŸ’  Bahan Sticker Chromo\r\r\r\n\r\r\r\nğŸ’°â€¦']
[0],['  Help  OPEN ODE EADY SOCK PAKE  NC  ouchğŸŒ \r\r\r\n\r\r\r\nğŸ’ FLAG  ali\r\r\r\nğŸ’ POLAOID pcs\r\r\r\nğŸ’ PHOOCAD pcs\r\r\r\nğŸ’ SIKE  Pcsâ€¦']
[0],['  Help  OPEN ODE EADY SOCK SICKE NC DEAM WE BOOMğŸŒ \r\r\r\n\r\r\r\nğŸ’  Ukuran cm x cm\r\r\r\nğŸ’  Isi pcs\r\r\r\nğŸ’  Bahan Sticker Chromo\r\r\r\n\r\r\r\nğŸ’°â€¦']
[0],['  Help  OPEN ODE EADY SOCK SICKE NC DEAM WE BOOMğŸŒ \r\r\r\n\r\r\r\nğŸ’  Ukuran cm x cm\r\r\r\nğŸ’  Isi pcs\r\r\r\nğŸ’  Bahan Sticker Chromo\r\r\r\n\r\r\r\nğŸ’°â€¦']
[0],['  Help  OPEN ODE EADY SOCK SICKE NC DEAM WE BOOMğŸŒ \r\r\r\n\r\r\r\nğŸ’  Ukuran cm x cm\r\r\r\nğŸ’  Isi pcs\r\r\r\nğŸ’  Bahan Sticker Chromo\r\r\r\n\r\r\r\nğŸ’°â€¦']
[0],['  NCL Job Alert Vacancies for  Operator Posts for Freshers â€“ th Pass  th Pass or Bachelorâ€™s Degree ie BA  BSâ€¦']
[0],['  Help  OPEN ODE EADY SOCK SICKE NC DEAM WE BOOMğŸŒ \r\r\r\n\r\r\r\nğŸ’  Ukuran cm x cm\r\r\r\nğŸ’  Isi pcs\r\r\r\nğŸ’  Bahan Sticker Chromo\r\r\r\n\r\r\r\nğŸ’°â€¦']
[0],['  Help  OPEN ODE EADY SOCK SICKE NC DEAM WE BOOMğŸŒ \r\r\r\n\r\r\r\nğŸ’  Ukuran cm x cm\r\r\r\nğŸ’  Isi pcs\r\r\r\nğŸ’  Bahan Sticker Chromo\r\r\r\n\r\r\r\nğŸ’°â€¦']
[0],['  Help  OPEN ODE EADY SOCK SICKE NC DEAM WE BOOMğŸŒ \r\r\r\n\r\r\r\nğŸ’  Ukuran cm x cm\r\r\r\nğŸ’  Isi pcs\r\r\r\nğŸ’  Bahan Sticker Chromo\r\r\r\n\r\r\r\nğŸ’°â€¦']
[0],['  Help  OPEN ODE EADY SOCK SICKE NC DEAM WE BOOMğŸŒ \r\r\r\n\r\r\r\nğŸ’  Ukuran cm x cm\r\r\r\nğŸ’  Isi pcs\r\r\r\nğŸ’  Bahan Sticker Chromo\r\r\r\n\r\r\r\nğŸ’°â€¦']
[0],['  Help  OPEN ODE EADY SOCK SICKE NC DEAM WE BOOMğŸŒ \r\r\r\n\r\r\r\nğŸ’  Ukuran cm x cm\r\r\r\nğŸ’  Isi pcs\r\r\r\nğŸ’  Bahan Sticker Chromo\r\r\r\n\r\r\r\nğŸ’°â€¦']
[0],['  HELP \r\r\r\nOPEN SHAING CUP HOLDE Jhonny NC\r\r\r\nkch gift pc sticker sticker kaleng\r\r\r\nğŸŒ´INC EMSPacking\r\r\r\nğŸŒ´Pengiriman sktr  minâ€¦']
[0],['  Help  OPEN ODE EADY SOCK SICKE NC DEAM WE BOOMğŸŒ \r\r\r\n\r\r\r\nğŸ’  Ukuran cm x cm\r\r\r\nğŸ’  Isi pcs\r\r\r\nğŸ’  Bahan Sticker Chromo\r\r\r\n\r\r\r\nğŸ’°â€¦']
[0],['  Help  OPEN ODE EADY SOCK SICKE NC DEAM WE BOOMğŸŒ \r\r\r\n\r\r\r\nğŸ’  Ukuran cm x cm\r\r\r\nğŸ’  Isi pcs\r\r\r\nğŸ’  Bahan Sticker Chromo\r\r\r\n\r\r\r\nğŸ’°â€¦']
[0],['  Help  OPEN ODE EADY SOCK SICKE NC DEAM WE BOOMğŸŒ \r\r\r\n\r\r\r\nğŸ’  Ukuran cm x cm\r\r\r\nğŸ’  Isi pcs\r\r\r\nğŸ’  Bahan Sticker Chromo\r\r\r\n\r\r\r\nğŸ’°â€¦']
[0],['  HELP  \r\r\r\n\r\r\r\nsll this acc via ovobca \r\r\r\nand username  bo taey  chaey\r\r\r\n\r\r\r\nminat rep ya nanti di dm\r\r\r\n\r\r\r\nzonabu zonauang zonaâ€¦']
[0],['  HELP \r\r\r\n\r\r\r\nWS SLOGAN EADY INDO\r\r\r\n\r\r\r\npayment bca only\r\r\r\nshipping shopee freeong\r\r\r\ndom jakarta\r\r\r\n\r\r\r\ndetails and price check twt belowâ€¦']
[0],['  HELP \r\r\r\n\r\r\r\nWS SLOGAN EADY INDO\r\r\r\n\r\r\r\npayment bca only\r\r\r\nshipping shopee freeong\r\r\r\ndom jakarta\r\r\r\n\r\r\r\ndetails and price check twt belowâ€¦']
[0],['  Help  OPEN ODE EADY SOCK SICKE NC DEAM WE BOOMğŸŒ \r\r\r\n\r\r\r\nğŸ’  Ukuran cm x cm\r\r\r\nğŸ’  Isi pcs\r\r\r\nğŸ’  Bahan Sticker Chromo\r\r\r\n\r\r\r\nğŸ’°â€¦']
[0],['  HELP \r\r\r\n\r\r\r\nWS SLOGAN EADY INDO\r\r\r\n\r\r\r\npayment bca only\r\r\r\nshipping shopee freeong\r\r\r\ndom jakarta\r\r\r\n\r\r\r\ndetails and price check twt belowâ€¦']
[0],['  Help  OPEN ODE EADY SOCK SICKE NC DEAM WE BOOMğŸŒ \r\r\r\n\r\r\r\nğŸ’  Ukuran cm x cm\r\r\r\nğŸ’  Isi pcs\r\r\r\nğŸ’  Bahan Sticker Chromo\r\r\r\n\r\r\r\nğŸ’°â€¦']
[4],['  Itâ€™s so so funny watching reactionary right wing commentators not actually intellectually conservative struggle as theyâ€¦']
[0],['  Help  OPEN ODE EADY SOCK SICKE NC DEAM WE BOOMğŸŒ \r\r\r\n\r\r\r\nğŸ’  Ukuran cm x cm\r\r\r\nğŸ’  Isi pcs\r\r\r\nğŸ’  Bahan Sticker Chromo\r\r\r\n\r\r\r\nğŸ’°â€¦']
[0],['  Help  OPEN ODE EADY SOCK SICKE NC DEAM WE BOOMğŸŒ \r\r\r\n\r\r\r\nğŸ’  Ukuran cm x cm\r\r\r\nğŸ’  Isi pcs\r\r\r\nğŸ’  Bahan Sticker Chromo\r\r\r\n\r\r\r\nğŸ’°â€¦']
[0],['  Help  OPEN ODE EADY SOCK SICKE NC DEAM WE BOOMğŸŒ \r\r\r\n\r\r\r\nğŸ’  Ukuran cm x cm\r\r\r\nğŸ’  Isi pcs\r\r\r\nğŸ’  Bahan Sticker Chromo\r\r\r\n\r\r\r\nğŸ’°â€¦']
[0],['BCA reports a strong performance on LCV in January with average sale prices across all vans up on Dec  and Yeaâ€¦ ']
[0],['  HELP \r\r\r\n\r\r\r\nWS SLOGAN EADY INDO\r\r\r\n\r\r\r\npayment bca only\r\r\r\nshipping shopee freeong\r\r\r\ndom jakarta\r\r\r\n\r\r\r\ndetails and price check twt belowâ€¦']
[0],['  HELP \r\r\r\n\r\r\r\nWS SLOGAN EADY INDO\r\r\r\n\r\r\r\npayment bca only\r\r\r\nshipping shopee freeong\r\r\r\ndom jakarta\r\r\r\n\r\r\r\ndetails and price check twt belowâ€¦']
[0],['  Help  OPEN ODE EADY SOCK SICKE NC DEAM WE BOOMğŸŒ \r\r\r\n\r\r\r\nğŸ’  Ukuran cm x cm\r\r\r\nğŸ’  Isi pcs\r\r\r\nğŸ’  Bahan Sticker Chromo\r\r\r\n\r\r\r\nğŸ’°â€¦']
[0],['  HELP  \r\r\r\n\r\r\r\nsll this acc via ovobca \r\r\r\nand username  bo taey  chaey\r\r\r\n\r\r\r\nminat rep ya nanti di dm\r\r\r\n\r\r\r\nzonabu zonauang zonaâ€¦']
[0],['  HELP \r\r\r\n\r\r\r\nWS SLOGAN EADY INDO\r\r\r\n\r\r\r\npayment bca only\r\r\r\nshipping shopee freeong\r\r\r\ndom jakarta\r\r\r\n\r\r\r\ndetails and price check twt belowâ€¦']
[0],['H ecruiter\r\r\r\nGoldenlight VLSI\r\r\r\nLocation BangaloreIndiranagar \r\r\r\nQualification BBABBM BSc BCA MBAPGDM Vocatioâ€¦ ']
[0],['  Help  OPEN ODE EADY SOCK SICKE NC DEAM WE BOOMğŸŒ \r\r\r\n\r\r\r\nğŸ’  Ukuran cm x cm\r\r\r\nğŸ’  Isi pcs\r\r\r\nğŸ’  Bahan Sticker Chromo\r\r\r\n\r\r\r\nğŸ’°â€¦']
[0],['Customer Support ExecutiveWalkin\r\r\r\nHGS hiring for MNC Client\r\r\r\nLocation Bangalore\r\r\r\nQualificationâ€¦ ']
[0],['  Help  OPEN ODE EADY SOCK SICKE NC DEAM WE BOOMğŸŒ \r\r\r\n\r\r\r\nğŸ’  Ukuran cm x cm\r\r\r\nğŸ’  Isi pcs\r\r\r\nğŸ’  Bahan Sticker Chromo\r\r\r\n\r\r\r\nğŸ’°â€¦']
[0],['Sales ExecutiveWalkin\r\r\r\nAssettrust Services\r\r\r\nLocation Bangalore\r\r\r\nQualification  BBABBM MAâ€¦ ']
[0],['  Help  OPEN ODE EADY SOCK SICKE NC DEAM WE BOOMğŸŒ \r\r\r\n\r\r\r\nğŸ’  Ukuran cm x cm\r\r\r\nğŸ’  Isi pcs\r\r\r\nğŸ’  Bahan Sticker Chromo\r\r\r\n\r\r\r\nğŸ’°â€¦']
[0],['  WS ğŸ’˜\r\r\r\n\r\r\r\nâ˜ï¸ ID CAD BLACK AEHYUN \r\r\r\nâ˜ï¸  ID\r\r\r\nâ˜ï¸ SHOPEEBCAOVODANA\r\r\r\nâ˜ï¸ bisa free ong\r\r\r\n\r\r\r\nplease kindly help me to  amp tâ€¦']
[0],['  Help  OPEN ODE EADY SOCK SICKE NC DEAM WE BOOMğŸŒ \r\r\r\n\r\r\r\nğŸ’  Ukuran cm x cm\r\r\r\nğŸ’  Isi pcs\r\r\r\nğŸ’  Bahan Sticker Chromo\r\r\r\n\r\r\r\nğŸ’°â€¦']
[0],['  Help  OPEN ODE EADY SOCK SICKE NC DEAM WE BOOMğŸŒ \r\r\r\n\r\r\r\nğŸ’  Ukuran cm x cm\r\r\r\nğŸ’  Isi pcs\r\r\r\nğŸ’  Bahan Sticker Chromo\r\r\r\n\r\r\r\nğŸ’°â€¦']
[0],['  Help  OPEN ODE EADY SOCK SICKE NC DEAM WE BOOMğŸŒ \r\r\r\n\r\r\r\nğŸ’  Ukuran cm x cm\r\r\r\nğŸ’  Isi pcs\r\r\r\nğŸ’  Bahan Sticker Chromo\r\r\r\n\r\r\r\nğŸ’°â€¦']
[0],['  Help  OPEN ODE EADY SOCK SICKE NC DEAM WE BOOMğŸŒ \r\r\r\n\r\r\r\nğŸ’  Ukuran cm x cm\r\r\r\nğŸ’  Isi pcs\r\r\r\nğŸ’  Bahan Sticker Chromo\r\r\r\n\r\r\r\nğŸ’°â€¦']
[0],['  HELP  \r\r\r\n\r\r\r\nsll this acc via ovobca \r\r\r\nand username  bo taey  chaey\r\r\r\n\r\r\r\nminat rep ya nanti di dm\r\r\r\n\r\r\r\nzonabu zonauang zonaâ€¦']
[0],['  WS ğŸ’˜\r\r\r\n\r\r\r\nâ˜ï¸ ID CAD BLACK AEHYUN \r\r\r\nâ˜ï¸  ID\r\r\r\nâ˜ï¸ SHOPEEBCAOVODANA\r\r\r\nâ˜ï¸ bisa free ong\r\r\r\n\r\r\r\nplease kindly help me to  amp tâ€¦']
[0],['  Help  OPEN ODE EADY SOCK SICKE NC DEAM WE BOOMğŸŒ \r\r\r\n\r\r\r\nğŸ’  Ukuran cm x cm\r\r\r\nğŸ’  Isi pcs\r\r\r\nğŸ’  Bahan Sticker Chromo\r\r\r\n\r\r\r\nğŸ’°â€¦']
[0],['  Help  OPEN ODE EADY SOCK SICKE NC DEAM WE BOOMğŸŒ \r\r\r\n\r\r\r\nğŸ’  Ukuran cm x cm\r\r\r\nğŸ’  Isi pcs\r\r\r\nğŸ’  Bahan Sticker Chromo\r\r\r\n\r\r\r\nğŸ’°â€¦']
[0],['  NCL Job Alert Vacancies for  Operator Posts for Freshers â€“ th Pass  th Pass or Bachelorâ€™s Degree ie BA  BSâ€¦']
[0],['  Help  OPEN ODE EADY SOCK SICKE NC DEAM WE BOOMğŸŒ \r\r\r\n\r\r\r\nğŸ’  Ukuran cm x cm\r\r\r\nğŸ’  Isi pcs\r\r\r\nğŸ’  Bahan Sticker Chromo\r\r\r\n\r\r\r\nğŸ’°â€¦']
[4],['  Itâ€™s so so funny watching reactionary right wing commentators not actually intellectually conservative struggle as theyâ€¦']
[0],['  Help  OPEN ODE EADY SOCK SICKE NC DEAM WE BOOMğŸŒ \r\r\r\n\r\r\r\nğŸ’  Ukuran cm x cm\r\r\r\nğŸ’  Isi pcs\r\r\r\nğŸ’  Bahan Sticker Chromo\r\r\r\n\r\r\r\nğŸ’°â€¦']
[4],['  Please help  pinned tweet kehapus\r\r\r\n\r\r\r\nğŸŒ¨ ISOLES KUMI YANG BIKIN KEAGIHAN ğŸŒ¨\r\r\r\n\r\r\r\nNo pengawet only using premium ingredients  ğŸ’–â€¦']
[0],['  HELP \r\r\r\n\r\r\r\nWS SLOGAN EADY INDO\r\r\r\n\r\r\r\npayment bca only\r\r\r\nshipping shopee freeong\r\r\r\ndom jakarta\r\r\r\n\r\r\r\ndetails and price check twt belowâ€¦']
[0],['  Help  OPEN ODE EADY SOCK SICKE NC DEAM WE BOOMğŸŒ \r\r\r\n\r\r\r\nğŸ’  Ukuran cm x cm\r\r\r\nğŸ’  Isi pcs\r\r\r\nğŸ’  Bahan Sticker Chromo\r\r\r\n\r\r\r\nğŸ’°â€¦']
[0],['  Help  OPEN ODE EADY SOCK SICKE NC DEAM WE BOOMğŸŒ \r\r\r\n\r\r\r\nğŸ’  Ukuran cm x cm\r\r\r\nğŸ’  Isi pcs\r\r\r\nğŸ’  Bahan Sticker Chromo\r\r\r\n\r\r\r\nğŸ’°â€¦']
[0],[' when rest of the result is expected for BCA']
[0],['  Software Developer\r\r\r\nFenopix\r\r\r\nLocation BangaloreBangaloreOthers\r\r\r\nQualification MEMech BCA MCA BEBech\r\r\r\nExperiencâ€¦']
[0],['  HELP \r\r\r\n\r\r\r\nWS SLOGAN EADY INDO\r\r\r\n\r\r\r\npayment bca only\r\r\r\nshipping shopee freeong\r\r\r\ndom jakarta\r\r\r\n\r\r\r\ndetails and price check twt belowâ€¦']
[0],['  HELP \r\r\r\n\r\r\r\nWS SLOGAN EADY INDO\r\r\r\n\r\r\r\npayment bca only\r\r\r\nshipping shopee freeong\r\r\r\ndom jakarta\r\r\r\n\r\r\r\ndetails and price check twt belowâ€¦']
[0],['  Software Developer\r\r\r\nFenopix\r\r\r\nLocation BangaloreBangaloreOthers\r\r\r\nQualification MEMech BCA MCA BEBech\r\r\r\nExperiencâ€¦']
[0],['Software Developer\r\r\r\nFenopix\r\r\r\nLocation BangaloreBangaloreOthers\r\r\r\nQualification MEMech BCA MCA BEBech\r\r\r\nExpeâ€¦ ']
[0],['  HELP \r\r\r\n\r\r\r\nWS SLOGAN EADY INDO\r\r\r\n\r\r\r\npayment bca only\r\r\r\nshipping shopee freeong\r\r\r\ndom jakarta\r\r\r\n\r\r\r\ndetails and price check twt belowâ€¦']
[0],['  Help  OPEN ODE EADY SOCK SICKE NC DEAM WE BOOMğŸŒ \r\r\r\n\r\r\r\nğŸ’  Ukuran cm x cm\r\r\r\nğŸ’  Isi pcs\r\r\r\nğŸ’  Bahan Sticker Chromo\r\r\r\n\r\r\r\nğŸ’°â€¦']
[0],['  Help  OPEN ODE EADY SOCK SICKE NC DEAM WE BOOMğŸŒ \r\r\r\n\r\r\r\nğŸ’  Ukuran cm x cm\r\r\r\nğŸ’  Isi pcs\r\r\r\nğŸ’  Bahan Sticker Chromo\r\r\r\n\r\r\r\nğŸ’°â€¦']
[0],['  Help  OPEN ODE EADY SOCK SICKE NC DEAM WE BOOMğŸŒ \r\r\r\n\r\r\r\nğŸ’  Ukuran cm x cm\r\r\r\nğŸ’  Isi pcs\r\r\r\nğŸ’  Bahan Sticker Chromo\r\r\r\n\r\r\r\nğŸ’°â€¦']
[0],['  HELP \r\r\r\n\r\r\r\nWS SLOGAN EADY INDO\r\r\r\n\r\r\r\npayment bca only\r\r\r\nshipping shopee freeong\r\r\r\ndom jakarta\r\r\r\n\r\r\r\ndetails and price check twt belowâ€¦']
[0],['Australiaâ€™s skills and training they neâ€¦']
[0],['HELP \r\r\r\n\r\r\r\nWS SLOGAN EADY INDO\r\r\r\n\r\r\r\npayment bca only\r\r\r\nshipping shopee freeong\r\r\r\ndom jakarta\r\r\r\n\r\r\r\ndetails and price check tâ€¦ ']
[0],['  Help  OPEN ODE EADY SOCK SICKE NC DEAM WE BOOMğŸŒ \r\r\r\n\r\r\r\nğŸ’  Ukuran cm x cm\r\r\r\nğŸ’  Isi pcs\r\r\r\nğŸ’  Bahan Sticker Chromo\r\r\r\n\r\r\r\nğŸ’°â€¦']
[0],['  Help  OPEN ODE EADY SOCK SICKE NC DEAM WE BOOMğŸŒ \r\r\r\n\r\r\r\nğŸ’  Ukuran cm x cm\r\r\r\nğŸ’  Isi pcs\r\r\r\nğŸ’  Bahan Sticker Chromo\r\r\r\n\r\r\r\nğŸ’°â€¦']
[0],['  Help  OPEN ODE EADY SOCK SICKE NC DEAM WE BOOMğŸŒ \r\r\r\n\r\r\r\nğŸ’  Ukuran cm x cm\r\r\r\nğŸ’  Isi pcs\r\r\r\nğŸ’  Bahan Sticker Chromo\r\r\r\n\r\r\r\nğŸ’°â€¦']
[0],['  Help  OPEN ODE EADY SOCK SICKE NC DEAM WE BOOMğŸŒ \r\r\r\n\r\r\r\nğŸ’  Ukuran cm x cm\r\r\r\nğŸ’  Isi pcs\r\r\r\nğŸ’  Bahan Sticker Chromo\r\r\r\n\r\r\r\nğŸ’°â€¦']
[0],['  Help  OPEN ODE EADY SOCK SICKE NC DEAM WE BOOMğŸŒ \r\r\r\n\r\r\r\nğŸ’  Ukuran cm x cm\r\r\r\nğŸ’  Isi pcs\r\r\r\nğŸ’  Bahan Sticker Chromo\r\r\r\n\r\r\r\nğŸ’°â€¦']
[0],['   countries every auspol state BCA amp National Farmers Federation \r\r\r\nALL have signed up to net zero emissions by â€¦']
[0],['  Help  OPEN ODE EADY SOCK SICKE NC DEAM WE BOOMğŸŒ \r\r\r\n\r\r\r\nğŸ’  Ukuran cm x cm\r\r\r\nğŸ’  Isi pcs\r\r\r\nğŸ’  Bahan Sticker Chromo\r\r\r\n\r\r\r\nğŸ’°â€¦']
[0],['  Help  OPEN ODE EADY SOCK SICKE NC DEAM WE BOOMğŸŒ \r\r\r\n\r\r\r\nğŸ’  Ukuran cm x cm\r\r\r\nğŸ’  Isi pcs\r\r\r\nğŸ’  Bahan Sticker Chromo\r\r\r\n\r\r\r\nğŸ’°â€¦']
[0],['  Help  OPEN ODE EADY SOCK SICKE NC DEAM WE BOOMğŸŒ \r\r\r\n\r\r\r\nğŸ’  Ukuran cm x cm\r\r\r\nğŸ’  Isi pcs\r\r\r\nğŸ’  Bahan Sticker Chromo\r\r\r\n\r\r\r\nğŸ’°â€¦']
[0],['  Help  OPEN ODE EADY SOCK SICKE NC DEAM WE BOOMğŸŒ \r\r\r\n\r\r\r\nğŸ’  Ukuran cm x cm\r\r\r\nğŸ’  Isi pcs\r\r\r\nğŸ’  Bahan Sticker Chromo\r\r\r\n\r\r\r\nğŸ’°â€¦']
[4],['     Not to spoil your story but the BCA Woodside Petroleum have also supported net zeroâ€¦']
